Name,Freq,T1,T2,U1 err,U2 err,U3 err,Readout err
Q0,4.9742830687925,123.803839121523,137.018016583011,0,0.000698474259190819,0.00139694851838164,0.0760000000000001
